,sentiment,tweet
389223,0,@conchordgirl he was passing out postcards. I didn't get one  I was so bummed about my pic lol but I did buy his cd. He gives nice hugs 
511711,0,@xxandip Was too late 
325439,0,@heather_cooper suckkkssss... she's too busy to come see @thejonasbrothers movie with me  stupid exams
346633,0,learning history 
580262,0,@billyraycyrus please follow me .. i would be honored to have you follow me . ive been trying to get miley and brandy to follow me too 
722848,0,Technology suxs.  why can't we use empty cans and string to talk to each other? Or write letters? Back to the basics!!! Lolz xD
441345,0,"I don't even want to touch my cell phone anymore; every time I do the screen goes black, or flashes, or goes upside down. "
738356,0,RIP Georgia Theater   part of our music video for the song &quot;TORCH&quot; was shot at that venue..it will be missed and mourned
179344,0,wishing I was attending #beatweetup I even bought a badge 
253991,0,"@CCHS_science yeah it is a shame, because i just spent about an hour studying it "
420633,0,@VIVA_LA_SUE_SUE  im so so!  a great person i knew past away today! so im sad about it 
567109,0,@do0dlebudebz ikr.haha.i havent finish my Pocahontas on YT.this headache aint going away ay ay ay 
737260,0,i have much to learn.. 
149303,0,Good morning everyone...Its an early day for me...Not sure what Im going to do since it started raining! 
513055,0,stupid cheap supre headband. it's breakingggg. it's my favourite silver one 
534414,0,Leadership mtg at my house + dinner. Missing Johnsons and Riddicks tonight 
289767,0,"@kreitz nope, haven't seen it yet.  I'm jealous. "
447508,0,@P_MONT11 what boys? And I'm dying to watch that movie!   Sorry we didn't make it to your party.. It's jeremys fault! 
265719,0,"@Chevy_Boo I'd *love* to, but have a big day tomorrow &amp; about done for the night.    Thank you for asking me!"
560979,0,Eating ikan bakar now! Gaining weight time (woof  sad)! Away awayyyyy eat eat happy 
447290,0,sitting on my bed with pains in my belly 
522460,0,"without notebook! had to turn it in to gravis, will probably take a week to repair (logicboard) ...hopefully covered with warranty "
218743,0,See you thought i was disrespectin  Nope i gotta a man LOL). Are we cool again? @DatDudeSuccess
462790,0,@devon_says didnt feel very good 
684089,0,needs a manicure! getting ready for work  at least i get to wear my new dress!
609538,0,Cleaning our locker 
661256,0,"@mimi_style I had a feeling you'd vote NYC, but I can totally see @AyeEmTee as an LA girl. Sorry  You can still have me!"
467120,0,back from the beach. Jet ski-ed. Kayaked. Wake boarded. Got stung by a jellyfish on my butt. I miss the beach.  I`m not ready for school.
59955,0,"Forced creative writing is hard, slow, and very painful. Even detailed lesson plans are easier. "
328855,0,doing social studies notes 
518915,0,accidentally ran over a frog in the driveway.  Squish!  
245661,0,@Zombie_Claire How'd you get burned? Sounds nasty! Sorry to hear about it. 
226219,0,@HeatherEssian yay for a nice cabin. Boo for sunburn.  happy to hear u r with your sweetie relaxing this weekend! Xo
674055,0,back from uptown r.i.p. tycash 
692722,0,"Trying to find the subway grating that marilyn monroes dress flew up on, not having very good luck "
423564,0,@jazzielyn oh.. i'm sorry for my late replies sis.. 
521047,0,@JDohy the horrible thing is there are no real hard and strict guidelines for manufacturers. I think there is a EU max..but dunno what. 
770964,0,Some old white man ran in the back of me; minor damage done to the geo. Still a little shook up though  &lt;Mr. Conrizzle&gt;
720083,0,idkk. i think im going to read my summer reading stuff and get it over with 
609692,0,au revoir! i miss all you souches already 
392424,0,@teejae05 Ay ang galing! Haha. I WANT TO WATCH 
266095,0,dreading tonight 
232505,0,@mrs_mcsupergirl yikes yeah i guess that wouldn't 
20355,0,@stuartcalder lol yeah .... now I am wearing the bunny ears ... hmmm no off they come and still no chocolate 
16661,0,I don't have twitter on my phone 
196658,0,Chilling w/ May &amp; the boys @ homie's crib! Never seen my Fave like that. I still miss him.. 
41286,0,"Woke up like, 20 minutes ago. It's going to be a long day..  Work 9a-4p today."
482762,0,"of hope left. Can't say I'm happy with it, though. Thought I had it in the bag. "
183844,0,So flippin tired my eyes hurt 
769769,0,No guesses!  669 is the address of the mysterious neighbor in The 'Burbs. The 9 falls to become '666'. How clever! 
68078,0,hates throwing up 
5833,0,have to work today  
648424,0,going shopping today ! after ortho 
118511,0,I'm thinking I think my twitter profile looks really cute right now... and I really miss new york 
796532,0,http://twitpic.com/8dmcz - I miss my friends 
426883,0,@JackAllTimeLow the doctor said that im not permitted to drink beer too much anymore.  just 1 can per month. Can you imagine? A big oh no
699694,0,@whispher I'm a miss it   too far.
613746,0,@samfain i haven't gotten an ALM hug in so long 
650821,0,"Dear Boston, if I wanted this much rain, I'd move back to Seattle. Can't you cut us some slack? "
763305,0,it is very very very hott out.I LOVE IT!going to get ice cream.yum(: p.s. I want my bike back 
403342,0,@Cjoracer22 I am so sorry you are having so many problems 
190125,0,@dramacrat because when you comment without knowing all the facts it just makes you look like an ignorant racist 
763576,0,watching SP1 install on vista . . . or watching paint dry . . . equally boring 
648172,0,problemi con #TweetDeck 
61297,0,@BreeOlson9 I do but I never get any replies lol 
799016,0,"ahh it's too nice out, don't want to be at work right now "
732666,0,@Knittalottia Thank you. Difficult times 
286827,0,"@ESCOBEATZ and the P.Rican day parade, you goin? man, i wanna go lol...! i'ma blend in with yall except i look Dominican "
665718,0,I'm pround of beeing Judd. 
318450,0,I have physics and chemistry theory papers tomorrow and my prep sucks!   Pray for me ppl!
414731,0,i wanna see the hangover!! 
270093,0,"@awwlehber: it was a light blue stingray. I already closed the window, b/c I am a douche.    shipping was like 100 bucks though."
33642,0,good afternoon - today's too nice to work in a basement 
125708,0,is not well at all 
476674,0,Is not feeling well today 
41973,0,yellxxoutloud: i need sleep baby  xxmake us scenee: WTF xxmake us scenee: YOU CAN'T CALL ME THAT. yellxxoutloud: i forget that im sorry 
712268,0,i lost 3 of my horny hotties last night. 
500960,0,@JKsNaughtygirl Good luck! I'll be at the Vegas show! No extra tix though 
739075,0,Grrr...The Dog Barked ALL NIGHT LONG...No Sleep For Me... 
683164,0,... still feeling bad about being compared to another girl... just cant get over it 
86771,0,Hrmpf. Can't find any real documentation on making Windows Media Player plugins 
326905,0,I never had a weave but I'm seriously thinkin bout it. I'm mad I cut ma hair 
486487,0,Got home from work. Put milk in fridge. Fell asleep in my bed until just now. And I still think I need more sleep. 
133860,0,Myah is currently playing with her tail. Don't you wish you could be amused that easily? Love her! I still have jealous dogs though 
647933,0,cool! My Social Studies teacher just said I could skip the final exam : D But my math teacher says I have to make it up 
218653,0,got a blister from painting the fence 
98396,0,@mileycyrus Ahh are you ok? Lol evil bugs 
330214,0,@samjthacker I'm sorry.  sending good &amp; positive thoughts your way. It can only get better from here!
468624,0,my neck is hurting so badly 
503394,0,idk why but im shaking realllllly bad 
20422,0,"ah i need to go offline  ugh :l anyways,ttygl!"
163645,0,"@philiplinden @secondlife Blake Sea should have been a water sandbox (a la Cordova), but we can't rez objects and autoreturn is 5 mins "
90677,0,"at school, i hate monday "
85253,0,"@andreasaysjump ) yeah, same to you. my mom's not here. "
768606,0,Somebody needs to figure out how to unlock the sidekick 08' so we can install the twitter application of sidekick lx  
201127,0,"@yoitsandrea Awwww, why did ya lose? "
527089,0,@girlsaloudmedia Its ok ive just seen Hayley 
392074,0,I took a shower i feel human again. Instead of sleeping today i have to babysit 
399043,0,@Megannnnn so does my mum 
123066,0,Had a crazy good day today filled with intense mexican food and crazy marijuana restaurants hahaha. Flying home tomorrow  goodnightt!
575284,0,Sliced my finger open at work today  so much blooddd!  At least I hustled to the bathroom sink before I got any blood on the new carpet
394151,0,So I am hearing we caused an accident last night.  it was the bottle of patron I tell ya!
263894,0,I have a sore throat.  Bummer.
701361,0,@shelterwithfire yea there is a hockey tournament that weekend that i'm like 90% sure i'm playing in 
284471,0,Cutting grass  its hott!! Then getting the stuff for the pool up here. Long day.
85717,0,"giving up on updating location in Fire Eagle. I can get GETs to work, but the POST you need to do for 'update' fails with invalid sig "
574024,0,Working on essay // want to be coding/hacking // hooray summer class 
548382,0,Wish i have a friend to talk to and who can listen ....  
55608,0,"Havent been 2 sleep yet - 24 hours! Not used to this, my eyes are nippy "
597753,0,just realized! neeeeeed new shoes. i am skidding across the courts. 
537172,0,next weeks NZ flights cancelled  but I am going to Auckland in November for the Agri-food conference so I still get a NZ fix this year.
629538,0,@lvbosworth and I think a night swim at uncle j's sounds pretty much amazing right about now!!! 
530399,0,on my way to the doctors 
742152,0,@uditm high fever man ... Just very irritating ... 
270843,0,"Back to work after holiday in 1 hour, I really need a new job, I miss being a tech "
108806,0,"Morning all. Late night, drink induced headache and dicky tummy. Could be a long day "
684738,0,"crap... wht the hell... this website has a prob  i decamp, depart, retreat and retire..."
677899,0,Been waking up a 5:30am every day for a few days now. It's 11:15 on a Saturday night and I'm already exausted. 
554620,0,FREEEZIINGG ::pulls covers up:: wats good with this weather!! 
669365,0,@isfan we have a huge family reunion  I wish I could! I need a few clones... @JCHutchins could you help?
117659,0,at home in bed caught a stomach virus from my little one.  This is no fun 
451740,0,I can't believe I'm going back to school tomorrow!!!! 
615879,0,"@mrandyclark its been so long I don't even remember  its a really cool atmosphere though, I'm sure you'll find something delicious!"
291707,0,@TMobile_Dan I'm sorry I know how that feels and it royally sucks 
81952,0,Oh my throat... Maybe i shouldn't have downed so much vodka last night 
360070,0,Work tonight 
418450,0,its killing me to be without facebook for the whole long weekend.  facebook withdrawral symptoms
502538,0,Can't seem to find the book 'Unix for Eunuchs' anywhere. 
429741,0,is at her last dance recital everrr  ...S1DC &lt;3!
718861,0,why when im drunk do i end up wearing a certain boys shirt to sleep in 
758531,0,queria jogar The Sims 3 
677926,0,she's not coming back................. sad........................ 
544088,0,"@danes96 very weird weather here, just yesterday its very sunny, now there's a typhoon  how bout there in Manila?"
399860,0,@JaseDahilwitit jasonn  lol nigga I'm sad like a bitch cuz my mama says she's goin to church on mon. And I wrkd hella hard 4 her. Its  ...
580575,0,@lemezma no such luck where we stay in Wales.... No wifi 
703248,0,"@hanaames Nothing. Absolutely nothing. On my own, bored.  TV, maybe weep a littl?"
200995,0,@yolaweb had a monique moment celebrated too early couldn't drag widgets onto page with itouch or iphone  . Time to put away the pepsi lol
621438,0,Oh shitttt there's still tickets to see demi lovato. Jdhfjdghsdfjs.  I wanna go!
428270,0,"@krisstraub the tweetmeharder rss feed is not itunes compatible, can't subscribe "
758829,0,@AlandrusLesene damn you! Lol. I want sum kiwis. 
28097,0,FB #iPhone app is closing at random... again 
139924,0,@Live_for_Films Thanks for the follow! But I also have an  Hattori Hanzo sword...  lol
519494,0,"yesterday was the first time i had to go outside with my hair up, cause i was at soccer camp. well short hair = burnt neck "
579379,0,I do not feel very well 
459403,0,The Breakup was a bad movie choice for tonight...now I'm all sad and everything 
787830,0,Last day of house sitting for Jennifer... forever! She's moving to Montreal next month. I'm going to miss this place 
465522,0,@SergVerdi no you dont 
293424,0,@maricat why did we switch coasts 
217618,0,Crash. Half the field landed on top of me. Need new front wheel 
611203,0,@aimeekate Me netiher  Thats why I asked u. Maybe u should ask for an interview  And I dont have money either 
799556,0,Uuhg its so gross out todayy 
37444,0,its FREEZING in Cape Town  where is the sun????????/
720972,0,@nekuchu better to write the notes in LJ first cuz it can save drafts 
196553,0,@SarahAnnGreen still off milk 
300823,0,@GoodyGoody Cool. Cs last night tonight 
297704,0,"urgh i already miss him. i don't even know him that well, but i miss him "
472313,0,@boozy_becca aw im working until 7.30  but ill just have to catch up when i get back lol!
270705,0,"@MissShimry well, its not good at all  i have a blody exam after 2 hours and i just woke up   "
588855,0,@whitlecj Ouch  good luck with that!
422207,0,Forget the mall i think im sick.  uhg i need to buy jeans and a dress. Fucking water boil already
255853,0,I think taking 4 Aleve a day is starting to kill my stomach.  But it's supposed to help my arthritis....only 2 more weeks left 
763961,0,wat's up ya'll i didnt tweet all day because my day hasnt been very eventful. 
436188,0,@90inthereszone ....how is it not the same note? stupid composers ruining music for everyone  lol
392528,0,rain go away!!!! i want to go to the beach 
789738,0,is sick as a chip 
725108,0,I had a root canal on one of my teeth today. It hurt 
623284,0,is going to bed. last day of college tomorrow  booooo!
407686,0,http://twitpic.com/6sbb0 - this got my hopes up @ NIN/JA PNC Arts Center. No Guinness to be found 
603834,0,Really sad cuz Marley had an accident and died. . . .    R.I.P Marley
248154,0,@iamsoso have fun natalie so! I'm so sad I didn't get to see you before you left the Bay. 
156441,0,@justintv Oh  That's a sad story.
216414,0,@nileylovestory hey..did u hear about what miley said?  just becuz we support niley means we're not a 'true' fan? (
517102,0,@AnneAAM yea.. it seems that Lady Gaga is at #1 again. 
552533,0,@sadbuttrue you forget that the world revolves around America. We have to wait for them to wake up 
733716,0,@asdfology What about me. 
741342,0,It is way too early to be up  my arms decided to stay asleep cause they had too much fun at the concert ha. Now for fathers day
731040,0,My tummy is bothering me again. I knew it was that darn pasta. 
550460,0,"waiting for new firmware, looks like ill have to now until after work! oh well "
425327,0,"had a quick bite post movie at the pvr phoenix food court, chinese fare. Disappointing stuff "
625753,0,I'M GOING TO GO CRAZY. I cannot live with my OK button malfunctioning 
564731,0,my kitty cat killed her first mouse today... a baby mouse... by playing with it til it died.  Now she misses her friend. 
24259,0,Ughghghghghgh I'm going to murder Ruben....Reallll Quick...and then he will be a Ghost Ruben and haunt my ass. 
614679,0,im stressed bc all I think about is dance all I wanna do is dance my soul crys out for dance what should I do??? 
792362,0,@QueenofDixie Oh no!   Hope it gets better...
216631,0,Starting to get real bored in rohester. Nothing really to do 
108288,0,is pissed because Newcastle lost against Fulham and Hull drew against Bolton so.. tada WE ARE IN RELEGATION AGAIN. That's it. We is out. 
508083,0,feeling sleepy and the mosquito-in-the-cubicle is no where to be seen to entertain me 
772692,0,"Gene abilities. Alas, we will never know now. Thank you very much Brad Wright. "
85828,0,@marco_cali no  I can't understand why? How about you?
700621,0,damn people posting links to nasty shit while claiming they're links to Iran stuff. 
642819,0,Morning tweeps! It's my last day off today. Back to work tomorrow 
239720,0,@ckrawitz awwww the parkway. 
60297,0,"I'm so confused, what did I do wrong? grr I always say the wrong things "
267334,0,"@Pinot007 cramps from having my gastrocnemius (calf muscle) sliced through, dropped down &amp; stapled in.  And it hurts bad. Can't sleep "
579480,0,http://pic.gd/f0d62d 2nd time tonight  upgrade to 3.0
628398,0,@wheresmars where in the world did you see ms. ota???! i misss her so much 
176719,0,@monkeymad2 nooooooo!! not the receipt!!  don't break my heart 
487605,0,no one is on msn  add me - xflywithme@hotmail.com
40354,0,Few more days to DH's departure 
605613,0,@SteveTLeics_UK Is it all better now? i put Â£1 in and it didnt give me any change 
795237,0,is absolutely in so much pain 
70959,0,"aw im hatting this rib shit yo  dont think sleeping on the floor helps well,not, the floor but level to it"
717846,0,@azurell I blame Jim. Also sorry you may not be able to make it up. 
611292,0,"Smokin' Aces is on USA! Oddly, I think they cut out EVERYTHING good about the movie.  No chainsaw."
605103,0,@carlyluvsunited how sad and unfortunate - it continues here in the US as well 
155496,0,@ddlovato it really sucks when somone doesnt reply to you 
640907,0,"is realizing that she has an addiction, and there's nothing she can do until she gets help ... to bad that won't be for another 2 months "
492146,0,studying for exams!! 
341147,0,Darn it. We had a blackout. 
337335,0,bored. don't want to go to martial arts 
85420,0,@davidleibrandt I think you just killed me 
536250,0,so this is what a migrane feels like 
590329,0,my most not favorite thing. packing 
180709,0,@hillaryfrazier we ARE turning around and coming back! ...in two weeks 
151735,0,@TheSpagett fuck my life 
152245,0,"@mikemccaffrey No Hulu in Tajikistan, so SGA is just taunting me "
253487,0,@anastaciakayray i got a research job and summer classes in chicago. i wont be back until august.  i was home for 2 weeks in may.thats all
660382,0,Nike SB dunk hi- Pac Man http://bit.ly/troSQ (via @Robbiefowler) they'll probabbly never make it anywhere near SA tho 
639333,0,@paulshadwell I keep looking at the Apple page waiting to see a similar deal for the old 3G as in the states but no joy 
627501,0,EYES. SO. ITCHY. 
287042,0,I can hear my dad trying to teach Christopher science stuff in the back garden. Poor Aidan with his results today  xoxo
457397,0,cant wait for school to be done  it's taking so long
557690,0,@minorityx nahh. &quot; a lovely crossover band from Canada&quot; ska. and there's no room for MDP  but maybe Steel Train.
613831,0,@sydsquid i mis yooouuu. 
195966,0,"And so, as @rygledhill returns from work, i must depart "
170877,0,But I do tweet about you 
670383,0,i can stop crying 
382181,0,"@kayelliex Aww, I hate when I get woken up  I don't know why I'm awake, I just woke up on my own. Not very tired I guess."
779431,0,has a 13hr day ahead of her... with 4 children in tow! I need strength 
627034,0,@justineungaro ya I started season 3 sun evening and was too tired to finish- only got to episode 3!!!! 
160751,0,@thedailysurvey Why do we love those that we cannot have? 
455575,0,@ilanaftw they were caught by charles and the house was set on fire  thats unfortunate
648237,0,No PD devotions today. 
716775,0,I Lost My Phone Last Night At My Aunt's.  It Could Be Anywhere!  My Bby!  
563498,0,Morning - check. Blue skies - check. Sun - check. Have to go to work - check 
488614,0,@StephenMulhern plz reply to me ... pleaseee.... ur ma idol ahh pleasee..  haha ly x
171400,0,@criscilla at work!! Agh I really need to go with you  what days do you go so that I can add it to my schedule!
597448,0,@sarahsilll @jensilll @alanasilll why are you all so sick?  swine flu? 
543450,0,California's June gloom is over 
466483,0,is recovering from food poisoning 
673748,0,I can't remember what that sexy dancer girl looked like  linda why did we leave them
206036,0,@LittleMissLea poor Lea! 
519259,0,Ok ... about to head to work here soon.  I'm in a class all day so no Twitter  but my FB peeps will see less &quot;status&quot; updates from me LOL
435089,0,"alright weekend, feart to check my bank but "
570496,0,@Suefromque Today is DH&amp;mine! But he's on travel 
742645,0,Happy Fathers day to any Daddies out there. I miss Dad today a year ago he passed we have our second fathers day without him 
127517,0,has a Physics exam in an hour 
783567,0,I wish I was 18 so you could stop by and visit with me @gradualreport  How about you do another roadtrip in 2yrs??? lol
434911,0,Wow. I didn't know it was past 11pm already. :| I still have training tomorrow. 
695019,0,I am VERY cold  jumper and a wooly hat on @otisbear isnt cold so he doesnt think this means we need heating on x
353401,0,My computer froze. Someone text me? 
187103,0,I hate hurting feelings.. 
45633,0,Just got home from Shaws. I miss @KaitlinCalk!  Work in a few hours. OH WHAT JOY! Not.
688727,0,Tevez Leaving Man United 
157778,0,didnt get a chance to see dance flick today  
419223,0,@mowglicorrea i forgot to post it.....geez. here's the baby ray's video...  my bad.http://bit.ly/ah3FZ
698955,0,@30SECONDSTOMARS not fair 
278771,0,dreading 1:30! going to fail my English exam 
400976,0,working for the rest of the weekend.... boo!     stop by and visit me
345516,0,i feel terrible. shudnt have talked in the first place 
654404,0,@jakehumphreyf1 been looking out for you all day but had no luck  an enjoyable day otherwise
137335,0,@djvinceadams dagnabbit I'm here and you aint even spinnin! Makes me sad 
297516,0,feeling really sick. . . . . missing ladies meeting 2night  ~CoCo~
270037,0,"@poojarazdan yeah, happens whenever I feel like eating pastry "
92647,0,I'm so horny where's my man ....oh yea in the Virgin island  I should play with my licking beaver sounds like fun yummmy
500016,0,fever and a bad tummy. i can't have this for a longer time. many works to do. 
675606,0,@kelxhel oh nooo  i'm sorrrrry! fuck the verizon env &gt;:O
245461,0,i really dont think im gonna get my shirt today 
554884,0,Just came to work.. ah not feeling well. .  
646895,0,@niamvj  how does this twitter thing work? it really complicated 
684444,0,Looks like i missed a great BT game in order to go to a cancelled training  not happy
319957,0,i so need this uno to pull up my GWA i'm so happy  http://plurk.com/p/xw3av
418447,0,: awww ... miss AALIYAH so much. 
458904,0,little brother's hurt 
302475,0,is working on my stupid paper 
701679,0,@CerebralJam to be honest my time management doesn't seem in place right now. Getting overwhelmed with everything I need to get done 
353559,0,I have just burnt 8 pieces of toast then eventually managed to make myself a piece of toast on my 9th attempt! No bread left now 
290409,0,"I have, like, the WORST hay fever right now and my eyes are stinging like crazy  my only downside to summer."
320088,0,I have tooo much to do to be sick 
489766,0,has just got back from paphos! 
187990,0,@grubbybastard Nothing in particular other than being warm all day.    
667276,0,My baby still mad at me he want even answer my calls or txt me back  tear!!!!!!!!!
88857,0,looks like Free Realms site is down or taking a really long time to load 
266924,0,"End of Day 3, down 500 today "
540765,0,Not happy that I have a massive headache 
64090,0,Rushing to print 100 flyers for my project and pass em out at church before its out.  its almost 12
580245,0,sad that i cant find someone to go to the CKY concert with in Kelowna in a few days! 
371093,0,my dad just told his parents that im going to be an engineer. i wanna be a police officer  ~Michael/Doomlight
272740,0,thinking about all the assignment work I should be doing.....I promise tomorrow I will do it!!!!!!!!!! 
573090,0,@BDutton no  travel didn't get approved for summer..and I have to film summer camps.
684984,0,Had fun seeing people but am heartbroken that Startime closed! Thats even more upsetting then the CiCi's becoming a Mexican buffet! 
622118,0,@RK_24 Oh thank god...I think I died a little inside when I saw that news. 
647309,0,"@Jayde_Nicole if that's the case with you too DM me, would love advice...it's almost 5 am and i'm still up.. relationships suck "
313777,0,@TheDannyNoriega Sad times... 
334055,0,Y am i up? 
119564,0,Its my last day in sunny southern california... Not looking forward to the Vegas heat tomorrow!!  bummer.
257306,0,@FrankieTheSats aww thats not good  arnt hotels supposed to have food :S LOL
600515,0,I CANT SLEEP I SHOULD OF SAID NO TO THAT DAMN DEL TACO. IM TIRED OF BEING A FATTY FAT ASS 
447233,0,Since there's no one interresting i guess i'll leave. 
99475,0,@jordanknight ME! If i was going 
109515,0,Was in hong kong this time last year  And drunkenly grazed her chin last night! x
669545,0,@CamdynJonas  Maybe they'll change it back before August.
385355,0,sick  this sucks!!! so do relationships... ugh who needs men wen girls do it better anyway?
505628,0,School's out for summer!!! until summer school... 
306762,0,see you next month 
516526,0,Looks like I'll be away this summer. So now YouTube comeback for Me 
278265,0,@LauraWhittaker  i'm at my Dads he got some bad news 
9659,0,@GabrielSaporta i couldn't make it out to see you guys tonight; mega bummed  hope it was a good show though! i'll see y'all next time.
464063,0,Celebrating fathers day w/ my dad at Mr. Perrrys cause I'm not gonna be here 
799651,0,"i totally ate springs at gymnastics, my face hurts, its really red, and i have a headache  the cab tomorrow!"
17117,0,"Dang it! I missed the fight  just had dinner with THE man Adam Ginsberg, u gotta check him out!!"
552068,0,thinks the new Weird Al song &quot;Craigslist&quot; is freakin' amazing!  So sad that he won't be part of my Del Mar Fair experience this year. 
701637,0,@Viatrophy_BG *spits out Digital TV*  Tell me about it 
689772,0,At work on my day off 
557781,0,Finally get a pedicure yesterday and it's cold today. 
50111,0,@adamsconsulting  My younger son - he speaks of how he wishes he had a twin (I actually miscarried his @ 9 weeks.  Have yet 2 tell him.) 
248500,0,aaaand I have to go back to work. 
502034,0,@natalieyau Tell me about it! At least you got mamaks... I only have Chilli Malam to look forward to 
231973,0,Finally made it to Wales about 12. Had a brew and feel tired. Can't sleep as too hot. 
663738,0,at home doing nothin wishing i coud tlk to my BFF but shes at camp 
18632,0,Melbourne won by 8 points 
257909,0,My dog is eating a tree 
213396,0,at a graduation party. sipper is here. 
705383,0,"Islam and freedom will never be one, come one Iran, solve the problem and let it be.  "
284433,0,"So my company bans IM as &quot;resource intensive&quot;, and Google Wave merges IM w/ Email, Twitter, et  So ... I guess I won't be able to use it? "
674719,0,@UzimaCollective no I have 2 new puppies so I gotta stick close to the crib until they are potty trained. 
10492,0,"im lonely  keep me company! 22 female, Bismarck - North Dakota"
319119,0,"doubt your going to tell me, oh well "
392232,0,@wcjohnston Her sons had a baseba game today... I guess last night was supposed to be the last one. So now I must wait til tomorrow! 
708533,0,wers my boyfriend and his cape and goggle  o ya recording sigh he owes me better come with a slushee when hes done
367738,0,"@elesbells I LOVE IT, Well, it actually sounds horrible right now  Can't wait for the next chapter, so excited  THANK YOU"
545717,0,Hey @songzyuuup nooooo dont go!!   (treysongz live &gt; http://ustre.am/2txz)
563028,0,CW's &quot;Reaper&quot; officially canceled  
195998,0,Rachel Alexandra isn't being run in the Belmont...now I have to rethink my bets for next weekend. 
442101,0,so ive gotten everything ive been wanting. but not technically everything.  i dont know what i want anymore.
712305,0,"@wendywings  meringue has always reminded me of calf slobber  :O  Sorry 4 the visual Wendy, @texanoutofwater and all.    Heat getting 2 me"
592633,0,goin to bed! sonogram in the morning to fin out wats wrong wit her legs and why the r 3weeks bhind and rnt devloping right 
467523,0,"scroll doesnt work on the mouse, its bugging me... i didnt get my reeses pb cups!  hopefully tomorrow! thats whats new... fascinating huh?"
705608,0,"sorry @awgore , I can't make my picture upload work! i had a really good one too "
421500,0,feeling kind of homesick... 
682189,0,"Got rear ended pretty hard earlier this evening. Kids were in the car, but thank God no one got injured. However, my gma's car is totaled "
612636,0,Just returned from my rental storage area.... nothing more fun then packing stuff in heat and humidity 
169135,0,"@jackieamodeo weird trigger. You should definitely ask him about them on monday, dude...  shitty."
695846,0,Made blueberry muffins from scratch! Now on to the mountainous pile of laundry 
11862,0,@coreyownsme: I'll be doing homework most of the day so I feel your pain. And andrew won't be here all day since he is working 
60567,0,"@ida_rima: of course. With custom-made perfumes in it. Oh, and I extracted a  tentative promise about the Khiels. No samples tho. "
100171,0,@hmtangx screw you. i have to do pd  need to start.. right about now would be good..
528320,0,"I ripped half of one of my finger nails off yesterday, and now it's bleeding again  yummmm."
265584,0,@amandasan OH NO! Dead computer?! That's no good... poor macbook.  I'm sad for you!
525064,0,This week is gonna feel like a year. Already misses Angry Robot 
559536,0,"@ameliuskate i havent been sleeping properly at all,   I know - dont see how the heck anyone considers their noise music :|"
664050,0,@JudithShakes sorry to hear that   were you packing your s.o.'s boxes?
663996,0,"My phone isn't working anymore, please I need a new phone  #trackle"
410783,0,OMG TO MUCH COW PORN ON DASHBOARD PLEASE STOP! thanks:| - (via jmariebphotography) sorry lol  http://tumblr.com/xko1yyoie
173291,0,its friday &amp; every1 has plans but me..my mom is laser tagging w/ friends(haha)My brother is out..my sister and dad r working me-bf=alone 
335890,0,@delta_goodrem hope the move went well. Sad I won't see you around the 'loo' anymore! 
81796,0,"Nursing a nasty cold  I plan to tackle it with zombies, xena and ephedrine."
328691,0,Last night with him.  
265478,0,"Just woke up from my nap,huoh im really sick "
124363,0,@AbKi Peer Pressure is ebil  Im scurred to have babies lol
705441,0,The last episode of House series 5 is a major mind fuck! My head hurts 
304395,0,just found our Streetight broke up....awwww shit!  That's two former NBT winners to break in the last year...The Fault were the other...
419389,0,SATURDAY NIGHT...FULL MOON...IM ON VACATIONS...NO FREAKING DATE 
185748,0,@KPappsmear no answer to my knock downstairs... grandma must be sleep already. no luck tonite homey  2morrow we will try again!
691167,0,@RichardWouters But in recent years some Dutch speaking politicians beginn to sound a bit like Margaret Thatcher.    2/2
103336,0,@Itzike ????  ??? ???
684247,0,@yogasanctuary All the cool events never happen @ the East Studio... 
196321,0,"@italianseeker My grandmother was Sicilian &amp; used to make Pasta with Eel, so your cod wouldn't surprise me. You made fun of my sushi tho "
140948,0,"I have huge, super itchy bug bites all over my arms and legs  help."
388260,0,@DP_Daily You can find anteaters in NOLA @AudubonZoo! Mama has (big ole) Baby riding on her back. But doesn't solve city's termite woes 
694878,0,Tried doing another 10Km jog 2day but managed only 5 
689946,0,this house makes creapy noises!!! 
450444,0,oh yeah &amp; i had fun at the bbq... but i didnt wnt to come home  im doing my usual nothing!
264767,0,Surprise last minute attendee for creation is @sambo101 !  He fought for this and cant even twitter it himself cause mom isnt too happy 
625099,0,"@littlemumma have fun darling, I still don't have my results back yet hey  hoping today xxx"
591561,0,(@mvoronovska) Feeling shitty.  I need a hug or maybe a big pile of money.
371965,0,@rose_w Oh no!  I hope you can an account in my helpdesk so you can give me more details. http://www.picknicksbrain.com/helpdesk
384434,0,"@johnhood Gah haven't bid yet and its more than I can do  I'm a last minute bidder. Ah well, if its ok I'll miss."
657522,0,SC2 BR#3!  http://www.stumbleupon.com/s/#2sZJIt/kotaku.com/5296403/heres-17-minutes-of-starcraft-ii-gameplay/  zerg hasn't won yet 
757630,0,Uhoh my stomach is growling.. 2.5 more hours til lunch 
145844,0,is lazing around on his day off and can't find his mobile phone. 
388925,0,got nothing to do today! hate having nothing to do on a saturday 
517680,0,I'm so exhausted  I wanna cry I hate summer school
168981,0,@mileycyrus http://twitpic.com/5ut6j - Poor Thing 
549812,0,@andelainbritain lol.... you are going to be struggling to stay up all night tonight... and I have to work at 7 in the morning. 
447965,0,Back home in belfast.   I miss london.   but own bed. Thank god
460879,0,"I'm such a little girl still, I bawled my eyes out saying bye to my mom  I'm on my way....nyc--la--warped"
246333,0,@dumbkiri not enough 
442352,0,taking care of a very sick kitty today 
727864,0,@amandaplease girl you got NO idea i am about to pass out so drunk  xwitout gettin laid by my puppy daddy   
678325,0,goin to bed @ 11:30 on the weekend...imagine that...feelin like a party pooper cause I ain't stay out w/ the crew but i'm sleeeeeeeepy 
348406,0,Night. Seven hours sleep tomorrow. I'll de 
322684,0,"Man, I forgot to put mustard on my sandwich "
471901,0,"@Jonaayyy i want to find love too jonny, yet not a lot of things are going right for me lately  lol"
286412,0,*I need a family*   
355392,0,Everyone were talking about The Sims 3. I want to get my hands on the game as soon as possible but its not here yet 
62454,0,Got some coffee.  It is awful.  
9920,0,being sick nyquil does not work any more 
717063,0,and with that...I'm off to tend to a sick baby 
410534,0,Arghhh back @ work  hoping for a quick night... Got My New Slingbox 2 Play with. Thx Bro for the early Bday Gift! http://myloc.me/2RhS
555843,0,"@hoskingonzb Could be, just don't know what the numbers were "
741827,0,i woke up too late to go to church this morning!  lol
370148,0,@AshyLBowz yeah  i got no FF today
207098,0,Had me tea now... just stuck #BGT on... missed Flawless so very  now... still Flawless to win for me!
702866,0,@ColeMark code igniter makes you 
100459,0,@realslimkatie that's sad 
421512,0,@martinichellie She is stilll having shedding probs which worries me. I feel all like the bad adopter. 
265347,0,"And, it's 2am... expect later today to suck more than originally planned.  "
344685,0,Ugh my tweets are disappearing 
7316,0,msn just deleted all my contacts. awesome. add me again 
561288,0,I REALLY wanna stay in bed 
680585,0,I AGREE @mRaLiStEr. let's start with CIARA. Ciara stans were on all the blogs hyping HIS ass and what happened..? 54 on the album charts 
455085,0,is missing him so much right now 
540086,0,Starting fresh? 
324844,0,doing something i haven't done in forever: listening to phantom planet. miss them 
311764,0,Lower back pain is starting again  I can't handle the constant pain!
524225,0,@azizijones lol - good u have the less expensive option! thr is no crown in my future  until i have the $ im praying it doesnt fall out!
644776,0,"Rahhh, NEO seems to like to take its time with reviews lol, still not in issue 60  I think I'll compile a magazine list..."
725617,0,seriously upset over something so stupid. or not stupid. i'm not sure. I'm just fucking sad I missed him.  @AlexAllTimeLow
166492,0,im sad about missing out on the opportunity to be in valencia's new video. 
501867,0,@nairyd i dont know where the hell i put it 
416790,0,@jenzlynn08 Without me? 
590415,0,@AmbDuckett THATS GOOD TO HEAR...I HOPE U GOT A NEW PHON CUZ LEE NEVA HEAR FROM U 
105269,0,Someone left a whole pita wrap outside of daphne's greek cafe 
458084,0,@LstInTheSeeThru  i know its depressing! it was still a fun trip. my friend just broke up w/ her bf so she wanted 2 get away for the night
718253,0,I need a hug 
161928,0,"Getting ready for work and the sun is shining, plus it's the w/e! Bgt tonight..... what am I gonna do after it's finished?!   "
237711,0,is working on a sunny sunday. 
387415,0,"good mornig, unfortunally  "
734872,0,I miss my family... they live in Switzerland......far away 
133391,0,"@burnbright well, can't wait  no one on my flist has star trek layout yet, so sad "
7077,0,Awake. Such a busy day! And its yucky out. That stinks 
708088,0,Wants to be at the party wit sammie and heather! 
52601,0,"@jordanknight hey, what happened to you pic?  Can't see your smiling face anymore."
388534,0,@archivesnext Thanks! I live in Nebraska so I'm used to the cold wind chills of -40 are normal here in winter  They get more snow though
545543,0,I just finished watching Selena...it is so damn sad   
76187,0,"Spoke too soon, flight delayed "
629095,0,RAWR! my bang is too short  i hate it. it better grow out before school so i can go to sleep in class ;)
149154,0,really sick of it 
590350,0,might have to get up at 6 tomorroww 
634912,0,I wish time would stand still.............ARGH!!!! 
658784,0,@theprobar Probars at Philmont when I was there would've been a dream. We didn't eat many bars then since our lone option was Pemican. 
627252,0,"Headed to IKEA to get some stuff for my 2nd office...yes, I'm spread between 2 now.  Looking for another 23&quot; Apple Cinema Display too..."
47844,0,@JanniiMaus I want too 
162830,0,@rawrgoesaimee Ah bibisita ka kina GQ bukas o  sasama ka sa Rushers EB? I won't be able to visit Jumpstart tom coz I have something to do 
193269,0,This is NOT going to be a restful weekend and I know Monday will be here before I know it 
643710,0,arghhh i hate not having a car. 1 month: it's going to kill me.. 1 day into uni holidays and i'm already bored out of my brain 
726833,0,@Willie_Day26.. Won't Reply Or Follow Me... 
148274,0,We're in Leeds but the bands dont start till 6pm gutted! 
589632,0,@banteringblonde Nope 
218007,0,"@CaseyJackson09 aww, it must be making u feel roasting "
776780,0,eating some honey halls because I have a sore throat 
377093,0,@sugarnspice7 Where R U? 
148725,0,@ktmaillis jealous of your iphone  i want
484021,0,@BetsyHaffner y'arr! you had to go there. some of us have to work on tuesday (as well as monday).... 
506058,0,Scrubs just got interupted 
534115,0,I wish I had ice cream. 
767886,0,My ears really hurt!  but i'm in california!
82223,0,@orangecadette3 I wish I was going out to eat with our parents 
771885,0,Dinner was chicken and rice after a cereal bar.  But then I ate the rest of my chocolate covered blueberries.  
126598,0,@mustntgrumble our morning sun has gone and the rail seems to be on its way 
744121,0,"@tommcfly, FIIIINALLY TOM "
360425,0,working [4-11] no me gusta 7 hr shifts cuz there's only one break 
115309,0,@WarrenYip bart is not fun at all  excitement died down too fast.
508688,0,@ShozzyShozzy Yeah I meant for us to do that last time. I always forget  ill remember this time damn it haha.
507782,0,nah i couldnt come up with anything  maybe next time
319561,0,"Has ONE thing on the brain policy policy POLICY, dueces twitters, FaceBookers, MySpacer's, and AIMer's  and possibly BBMer's :'("
11516,0,"im lonely  keep me company! 22 female, Baltimore - Maryland"
96388,0,@eternalmagpie oooh am I the client?! Am in shitty 3g area so can't see it  what do you need from me? Of course might be someone else...
206760,0,@SooSpecial Yea I gotta start slow. I try to chose turkey/chicken over beef. But I had a bacon burger last week   ima buy a book lol
511922,0,"Im feeling sick and miserable my stom,ach is going to diee!! Oreinteering was not healthy for it  Anywayy school tommorrow is a maybe (n)"
21100,0,"@Moonchild66 i sleep on my right all the time and have a clicky shoulder as a result, "
539888,0,@jonasbrothers http://twitpic.com/7kf4b - come back CHile Please!!! please please   
273669,0,&quot;Fly with me&quot; 's my mega addiction... still 
758257,0,Worst part of the night.. Coming home to a lonely &amp;&amp; cold bed 
754077,0,"@shayemimi its not listed though. they have tickets for sale at noon and later, but no midnight "
520262,0,@mailchimp unable to login (using safari 4): infinite loop in redirects 
47635,0,im so ALONE... everybody is out.... 
721889,0,I think i'm getting sick   must buy airborne tommorow!!
786528,0,Shane Miss You Baby  And its only been what? 6 hours?? 
164683,0,@Andy_Hawk @andy_sims works sucks without being able to stream KWOD 
760050,0,My fingers are killing from the guitar!  painful times!!
555984,0,I have a danish! The pastry... not a man... 
518701,0,"well, it's triple digits month.  YeeHaw. 104*, 107*......MY POOR HUSBAND.  All day, every day, outside. "
618452,0,I've been trying to upload photoa on my comp. For weeks my camera isn't letting me 
111578,0,"@hgudhka yea it was pretty epic, but now there's no more heroes until much later "
515266,0,"Hari yg sempurna, but not all. Nntn  KUTUNGGU JANDAMU ! !!  Asooyyyy ni film.. hhaa...  But my friend.    ksian dia."
147637,0,@hanaabanana You see why i don't like it?  Oh yes lol. James McAvoy is sooo nice!
741840,0,so tired 
267660,0,so cold 
578848,0,I'm so sad to be leaving the Frio 
630275,0,@jennettemccurdy U R TURNING 17 OMFG!!! I thought u were my ge or 1yr older now im upset 
306708,0,Watching jon and kate + 8. the kids are soooooooo cute!!! its unfortunate there's so much drama surrounding them 
640388,0,Just got back from basketball training my coach is the biggest twat 
316956,0,New blog post about how I feel: http://KeithFeeney.com/blog.htm 
708868,0,@anafcardoso oh..i'm from ukraine) actually have no idea  it's going 3 days
479757,0,"@HILallan While I really, really enjoy the food at Mezza, I've only had bad experiences with the service..! "
684716,0,@BrooklynBJ23 thanks a lot u didn't even say hi to me 
107693,0,@myria101 Ew. She could've at least been fortunate-looking. Poor you.  She fails.
798500,0,Gotta go to work soon..looks like im takin' my paretns car since mine decided to die on me this morning 
1270199,4,@SteveChaiGuy Good Night Steve! No problemo! 
1310462,4,@homeworld buenas nochesssss !! 
939924,4,The new mouse has just arrived  http://twitpic.com/559ww
1125547,4,"@SandyLovesMiley aww iloove L.A too maybe im gooin' to study a semester there, "
1244162,4,"Has anyone seen the movie I Love You, Man?  I've been wanting to see it..I hope it's as funny as it looks. "
835661,4,@unitechy shd be around 36-37 i'd say.. 
1320943,4,"Audio, video, pictures and words - now up and running at www.thebradking.com; slowly coming into the 21st century "
992724,4,"@boomdelirium  There's a really good twist at the end, which is really shocking. It's great though. which commentary did you start"
894425,4,We're gonna kidnap the jonas brothers! 
1469907,4,@patphelan Well you know how many people try to insert SIM cards in memory slot? I might try that too 
1581953,4,"@stephenfry Freedom of speech Stephen, you keep going dude "
982293,4,"@lelexie Hey hey hey!! A lot of people greeted US [you &amp; me-- we're the same person!] which we did not expect! See, people love us. "
1533007,4,body's aching.. head hurt.. need to sleep. GUD NYTE!! 
1264198,4,@hdiowl sweet! just got it. thanks. it's a pretty brief mention but still cool 
1264279,4,@verwon that's why you're so much fun to play with 
1526037,4,watching the inbetweeners makes me so happy! 
1335864,4,@tracyxlee You're invited anytime you want of course! 
1218902,4,@xxKayFooxx haha i was right about the song name yes?  i love that song!
1383712,4,"I think I'll try going thrifty, and if it works that would be nifty.   &lt;3  *bang*bang*  A true gene jack's destiny."
1520216,4,YAY... im following more people  Now even MORE interesting things to read =P
998812,4,Changed Ginger's content.  @patrissiacruz How's Butter?
1222698,4,@teenagelust I am a glistening emerald of envy 
1597110,4,@Jonasbrothers I'M GETTING IT TODAY AND I CANNOT WAIT! When I woke up and realized today it was out I screamed out of excitement. 
1569187,4,making a new video tommorow  maybe lol
1279401,4,@displacedmoose Hi...yeah. It was a good turnout. Town was busy so I don't blame you about the parking 
1358534,4,"A huge wave of relief has swept over me, surprisingly!  peace &lt;3 "
845246,4,'s going to take a break... A workmate brought some &quot;tortillas de patata&quot; and more delicious things to celebrate she had a baby 
1506550,4,Enjoying this beautiful weather here in California - And the people...   --- Nice place to be
963912,4,In a non-violent manner of course.  My dad could've solved this days ago since we have the artillery to do so.
1544843,4,vo come algo te depois twitters 
1010112,4,@ianbetteridge  Know what you mean. Thank you. #followfriday
1472770,4,@MattiaPaino right!  finally you have twitter like us!  so excited to see what are u doing as miriam! 
1196133,4,@Panther2160 yes you are! 
1129972,4,@MyInnerCougar hey there! How are ya?? 
1406674,4,@wolfhudson hey wolf!!! I put out copies of Storm Squirters 7 @ adult factory outlet! 
998452,4,riding around with the bestie!!! 
1265699,4,Can't wait to get the new Dave CD tomorrow 
986123,4,@virtuallygerry Starbucks is an OK solution when there is no Costa's 
961653,4,@SofieY yup sure did  haha
977241,4,@iaj Windering whether the Real-Estate Market will also go to peak like this..     8-)
1323285,4,@livismaze hes so gorgeous inne. yeahh i think its the real him anyways he is quite funny  what lesson you in?
1264837,4,@liz0007 I'm not even there yet! I'm doing the Personal Essay right now. I'm totally putting it off by going on here and THA. 
1286759,4,@mattgreiner Christmas songs are always exciting. What're you talking about? 
1269798,4,@Angel10A thanks sweetie! PINK POSITIVE is one of the best ways to be! 
915870,4,wishes that you would see not with your eyes but with your heart.  http://plurk.com/p/sv5bb
1578519,4,"so make me promises boy, the kind i know you can't keep. &amp; while i'm losing my mind i hope your home finding sleep... goodnight baybay "
1494066,4,Lying in the bed. 
804686,4,Showcase Quick @ VIP romm on Thursday 
1361645,4,At graduation 
1013654,4,@HanaStephenson I think so actually...we'll find out 
1117200,4,@tommcfly I'm waiting 2 McFly in Faustï¿½o again 
1438786,4,anna is staying here tooniiiiiight!  much needed hang out time 
1264577,4,@AlexAllTimeLow Yayy finally 
1495290,4,@ryanamstad through her bad time. Im glad things are looking up for her  I hope she gets more time to her self though because i would...
1425513,4,Had a really good day today..I feel like I'm back on the right track!! 
1075774,4,"@TheRealJordin good luck, you'll be awesoome "
1403812,4,@spymistressFILL I was just grousing about my &quot;too many notes&quot; life. No need to withdraw totally from society. 
1207758,4,"@rachelannyes oooOOOooo - heading to bed myself, but looking forward to this whole new Internet you're building  sending sleepy thoughts!"
988667,4,Doing a lot of ass kissing to teachers today... It doesn't exactly bother me! 
1434222,4,@MINDY979: You're welcome dear. 
1463493,4,@GoodBoyGoneBad Hey buddy. Happy Sunday to you. 
1075763,4,that ice cream.. too... 
1511230,4,@samsta228 Ahh but if course. The cycle of life. 
1395329,4,temazo Break The Ice Miss Spears 
1548656,4,@yellowblues Get 100 followers a day using www.tweeterfollow.com Once you add everyone you are on the train or pay vip 
854336,4,@SmoothVision just smile you should do fine  If not imagine them naked and concentrate more on trying not to laugh.
1085261,4,"@FreekyP, Mat the Alien, @Ricouno, @DjArems, + U-tern at Shine tonight...roll through and show some love "
1514445,4,@saffrontaylor I bet its amazing 
1275681,4,horeee.... gw dah pny 2 follower  allo men !!
891034,4,@kellynewsome sounds like heaven.  
1565776,4,Fight for what you believe in! 
1018496,4,Google promises even faster JavaScript handling in Chrome 2.0. How is that even possible?  http://tinyurl.com/og4zn3
1013660,4,"Happy Birthday Dad, Your the Greatest! "
1510874,4,Pens Parade downtown tomorrow!! goodnight 
964899,4,"hey folks , just finished my first &quot;cruise&quot;, didn't plan on that till I was at least &quot;100&quot;   &quot;swine flu&quot; pushed us that way !"
1221025,4,do u wanna a piece of me? 
1134699,4,@marcusfoster1 The new song is wonderful! Thanks so much for talking with us today! See you in Austin...and Nashville.  Feel better!
1569188,4,"Once Again, @fosho174 is singing..i'm sorry..WAILING..Please Let The Slitting Begin  j/k looooove you &quot;Landon&quot;"
1028649,4,@AsshleyLove well Rick Springfield is the Fast Times sound track  Jessies Girl
1357536,4,@YoungQ Thank GOD!!!! I was starting to panic! 
1321098,4,@StartupBlogHU kÃ¶sz a molyos linket a marketingkÃ¶nyvhÃ¶z 
1470134,4,okay guys..i think i have done enough tweeting for a day.till tomorrwo..but i'm serious now! haha..goodnite! xoxo god bless you. 
1137835,4,Watching The Simple Life 2 
1193908,4,@jesslina yes we would it would SO brighten up this gloomy day whatcha say @jonathanrknight ? FOTO POR FAVOR 
972321,4,"@manonom i dont understand what it says, but i think you look interesting and fun "
1556633,4,@kimixkimi There is! They provide food and drink and a very comfy couch that's right near the stage. Worth it if you can afford it! 
1477961,4,Sitting in Starbucks about to go see Britney 
1104667,4,@chairthrower Hi there. Thanks for being a customer. Saw your profile and started to follow since u are also a &quot;technology geek&quot; like me. 
1571942,4,@TonyBagOfPasta yep! im taking accounting but its over next thursday!! 
1459622,4,@domknight nice one.  although I am must admit I am trying to figure out why i am following you....  oh well.  
1026929,4,havent been this excited about life in a long time! point me in the direction of making a difference and im there! 
1496263,4,@candydiaz LOL save a lil arse for me candy! 
1056849,4,talking to some great people!! all love the learning center!!  
979102,4,Funnn weekend with Hillary! Talking to a new boy &amp; I like it  I know I will find a job this week....
910768,4,@lyly_hameron I've seen those already. I link them in my lj post. 
1096039,4,@AJvampie yeah well me too 
1049879,4,@davidnett thanks mate   will try!
1232629,4,"http://twitpic.com/6ejl2 - i only stayed an hour... be proud, nic! "
867522,4,"Hi lovely angel @Anayah777, did u get the direct messages I sent to you yesterday? "
803475,4,@MyNameIsIngrid Just think one day the'll be history books about you and how sleepy you were 
1263808,4,Just got done working out. Waitin for Beamer to wake up  &lt;3
1554701,4,chilling with my bro sean and letting JeNn sleep 
1243118,4,@megspptc oh ok. Well let me know and I will see what I can do about picking up. 
1129143,4,@screwthislevel I love new look. I also so my ï¿½1.50 skirt dress  x
1306020,4,"@momof3gr8kidz Aww, that means a lot to me! God bless you and yours' as well "
907672,4,"despite rain, having a fantastic day "
1067849,4,Good night tonight. 
1366502,4,@lifeontheedges Glad I could help! Anytime 
1586160,4,@wildpeeta awesome 
960465,4,"I exactly dont know what to twit about okay, so tweeps, Kyle or Steffen?  lmfao"
1497679,4,@_CrC_ chris I see you!!! Look to your left! I'm in green! 
822793,4,@trent_reznor Word. 
860876,4,it is my url  www.myspace.com/lozza_4life    
864655,4,"Luckily, I called my brother  Who is doing my packing and discarding of things I don't need anymore. Collected since the last 8 years!"
1400493,4,"@CokoClemons oh, all is peachy with me!   you reeeeeaaady for your releeeeeeaaase???"
1290319,4,It's weird to look at myself and see blonde hair again...not the red/blonde in between color. 
832944,4,"@kellymhall *blushes w/ some embarrassment @ sharing his tumblr* As u can see, I'm jst learning! "
1574500,4,@morganRMsmith Morgan..you confuse me too 
1445844,4,@emacartoon it was most certainly NOT for you. YOU can most certainly come! 
939987,4,@johncmayer Like there was ever any doubt you wouldn't.. Way to go 
1188131,4,"@maltepst Maybe, but its more fun to pretend i dont know "
957306,4,@guylainem123  and afternoon's  *sipps her hazelnut flavored coffee*
1429500,4,I'm in sushi heaven again! Woohoo! Nom nom nom. 
1410670,4,"@TheRealJordin Have a fry up for breakfast that what i could do with the now, "
956351,4,Its time for bed now after 3 glasses of red 
1215369,4,"@pl In this weather, that sounds just about perfect. "
1596443,4,"@radiogeorge @mairigal Yep, full of intelligence, then you interrupted. "
975794,4,@ddlovato hey demi I just wanted to say you look so pretty with your tan you should keep it LOL  can't wait to see you July 18th
1176267,4,good morning 
1452057,4,"says @ Paul M, pagaling ka for Tues!! Nagweights nako today to train for it! Bwahahaha karir much  http://plurk.com/p/z151l"
1349348,4,remember...the grass is greener but just as hard to mow 
1394997,4,Im thinkin no more late nites or busy days fr me in a while .. I need a while 2 catch up  dnt say gudbye jst dry ur eyes ;) . XxO
1120337,4,just got done @ home depot for the second trip of the day!  tile here we come! 
1273594,4,who wants to work Wednesday from 3pm-7pm?? I really need help here!! Please 
1172462,4,23ï¿½C Outside  Going to Revise For Maths Exam
877734,4,got my drink!  
987880,4,@keza34 morning  how do?
1382651,4,"Prog rock, period instruments and a slice of '70's Hippie-dom:  Off to the Gryphon re-union gig this evening    http://bit.ly/LtzfH"
1156952,4,@siopa_gormod .22 rifle would probably be the quickest solution 
1480641,4,@luigilargo Am I really the only one that thinks that lil Pavi with a studder just so damn cute? 
1573975,4,http://twitpic.com/7j0os - My new rats...Nor and Elphie. 
1222925,4,@sandeepvarma Thanks man. All suggestions are appreciated. 
887879,4,I really don't get this twitter thinggy :| 
1313400,4,@zeedlle hell yeah! Should be interesting at least 
1133044,4,"@MommyMelee I may never leave!! This hotel is amazing, we have had the best time! Gorgeous day too!! Like I special ordered it! "
964098,4,@MagdaS oh thank you!! that's sweet of you. Did you see my drunken hubby at the Cat Club thursday? he could've shown you pix of him 
1344191,4,@DonnieWahlberg mmm.... why like you when you are &quot;syrupy&quot; lmao... but we love you if you are syrupy or not. 
940427,4,finishing getting ready then school with emily  softball after
845291,4,@Feiring  good point! we love trees too http://tinyurl.com/cpp4l6
1384113,4,"I wanna come up with my own website  any good tips on that ..  related to anything starting from hosting, content.. et al are welcome "
1300236,4,Running errands then working out 
1148349,4,"@pensbury  lol yes, it is true !  I enjoyed them   http://tinyurl.com/qbf3u3"
1107951,4,@blackliight: no problem Wifey. 
812021,4,@DavidWCrozier I wish I was where you are  It's wet and cold here!
865871,4,@neilfairbrother - Happy Birthday Sir! 
864943,4,&quot;All apps are up to date&quot; pfft. Want #twitterrific 2 now! 
1520471,4,@saviluvsjonas thanks 4 the follow 
1085147,4,"@RalphBassfeld - your interpretation of my fortune from earlier tonight made me laugh the hardest, thank you! "
804181,4,"@iphigenie up up and away!  btw i'm currently using the opera 10 alpha and, apart from 1-2 annoying bugs, it rocks."
1068085,4,@wonderwoman9197 be strong and possitive...and I send u a biiig hug 
974382,4,"@angie_seattle I haven't gotten a LOT of replies from U lately but I'm still following you,Angie "
898598,4,catching of the day!  ::
1190317,4,okies phew all sorted 
1579971,4,i have closer by kings of leon stuck in my head...best damn thing to happen today 
849814,4,"@suprlatine its goin good, this baby is waaay heavier &amp; sits so much lower then the girls. can't wait tho until he's out "
1430809,4,"lalalala. today was a crappy day, but gym made it better "
815156,4,"@Fearnecotton Can you play Sexy, No No No by Girls Aloud? plskthx!  Jen (Hartlepool)"
1332941,4,i love The Prodigy - Stand up. that is all 
1547300,4,"Virgin Media sign deal with UMG to tackle P2P, great idea, depends on how much they can download. I get 1000 songs a month thanks to BT "
1034043,4,@Virus_Wolfcane http://twitpic.com/54zn0 - That is Great!!!! (Is that a blue jay talking to the Cardinal?) 
857825,4,@speedydd Oh thanks! How fun for you!  Enjoy those sweet grandbabys! 
1448543,4,@gethigh21 lol well congratz u just met wun 
1155123,4,@kcbworth ha! you should have dropped in on the way past for a cuppa! 
1435822,4,http://twitpic.com/6svx2 - Again 
836765,4,Boom Boom Clap Boom De Clap De Clap Boom Boom Clap Boom De Clap De Clap Boom Boom Clap Boom De Clap De Clap Do you know this song? 
1047630,4,Good morning twitter  time to get ready for grad practice!
1160368,4,@ChinaBlue79 Thanks for the follow.  Fab bio! 
1307874,4,"@drwave Up was awesome, thank you! Reminded me of La Maison en Petits Cubes "
842434,4,@darlingdara I've got some serious Twitter etiquette to teach you. 140 characters or less 
958085,4,@anyamanda he's a liar and unfaithful. grr good luck fer yer exam 
1120228,4,"Nominated on a Belgian website! Pardon my French as that is what I mistook it for   www.rnc.be.cx , click on the banner ï¿½INDIE TOP 10ï¿½"
1520610,4,"@_AshleyNicole_ Ack, I know the feeling. "
1516956,4,"@the_lost_man but the sesqui kickoff yesterday was hot. Well, the weather, that is  bored kami with the whole thing yesterday"
1250148,4,@Kathy_in_Fla  PRECISELY!!! I HATE HATE HATE GM... but they let me two escalade hybrids in NYC.. So I shouldn't complain 
1457698,4,doing body scrub and hair treatment by me self before go to Pura. 
1249664,4,@seantcallahan thanks they were tasty 
909256,4,"making more muffinsss, wheat jerm AANNNDD psyillium husk "
1063214,4,Twitter from my phone 
1170593,4,tonight will be another hindustan movie night. MOHABBATTEIN!!!!!! 
1319680,4,@Stylista_NY guilty as charged 
1509173,4,got my true blood fix. now i can sleep 
1237103,4,@temptalia posted a comment 
954806,4,belated hbd to mr. pattinson 
1188640,4,@Dannymcfly Hi Harry 
1058393,4,your adv banner/page for FREE in my magazine! contact me 
906629,4,@lsbautista Thank you. I needed that 
957223,4,diving back in *yawn* here's hopin for more foot traffic! 
976901,4,@DavidArchie Hey David!  glad you've returned safely! I hope you'll come back in Manila... will you? Hehe...
1242960,4,Loving the iTunes DJ feature... mixing up all my favorites and hearing some stuff I haven't heard in ages. 
1064014,4,waiting to chill with nat &lt;3 and tiff and theyre friends.. with ale and mike! 
1326585,4,wee lucas date with scotty and kevin today  how lovely
1093783,4,@louisehockley don't seem to have the same &quot;sucker power&quot; as granddaughters 
1367705,4,@jude_the_dude lol i love you sonnnn 
827819,4,@mygaysecrets  I wish!
1436504,4,DJ for a day 
1597334,4,I'm excited for a new day!  Maybe Sylvester the Cat will FINALLY win the talent show!
1420945,4,playing guitar again 
1396775,4,@mellyford I was 1 mojito away from waking up face down on the sand right next to nikki beach! 
1291674,4,@chillylint Yay!  I wanna see pics!  
816334,4,y oh y did i eat that fudge covered swizzel stick...ahahaha 
1541351,4,"eating sensations Sweet Thai Chilli &amp; Roast Chicken &amp; Thyme, in between Mikado, and a cuppa tea lovely "
856994,4,@RAWRachael have fun 
1161321,4,Had a blast last night at the Birthday Party now getting ready for Sundays @ Muschi!!! 
1569431,4,"@benandwine 30 bucks all up, my friend! Needless to say, doesn't usually involve noice wines "
1578417,4,@Jayde_Nicole bananas and chocolate pinkberry sounds so legit right now! excellent combo 
1221329,4,"today going to the BSS with anna, freddi und nadin  That's gonna be fun  see you then. Achja Wish you very much fun at the Pink-Pop"
891577,4,i just got an ice cream from the ice cream truck. it's sooo good 
1546050,4,Wanna win an EHEIM Pro 3 Filter http://bit.ly/16QhNa  ENTER to WIN!  (Work related sorry!!)
1294707,4,"@JenJeaHaly yea i get like that sice i hit 50k, im more of a game whore i just have to play everyone lol dont mind achieves tho "
1158462,4,ok im off to dreamland   the song is &quot;la ritournelle&quot; magic wand version recorded in Belgium
1245530,4,"I think of Dean (&amp; Tommy) when I hear this song. Great song, interesting vid... Holla!  â« http://blip.fm/~7g3dk"
1285680,4,"Its a rainy day in stockholm , enjoing surfing the net "
1545920,4,@gypsyraven I thought it was cooler there when we checked last week? Still... I'd rather be there than here!!! Ahhhh.... Italy... 
942041,4,"@BecaBear @architeuth1s And when I come back, I will bring my friends Grammar and Spelling with me "
982541,4,well im heading off for night got  my business studies assignment to do. night everybody &amp; too all Aussies GOOD LUCK WITH TICKETS 
1096269,4,"@mperegrym Hi, I follow you in Reaper and I think you're great  Have a nice day! Kisses from Italy :*"
1288161,4,"@cynical76 Yeah, it looks pretty decent   Don't suppose there's a co-op mode?"
1544212,4,@mcee Get 100 followers a day using www.tweeterfollow.com Once you add everyone you are on the train or pay vip 
1487259,4,"4 episodes of Intervention and i'm spent...incredible stories on that show!  sad, but incredible.  time to check email &amp; blog stuff "
1284775,4,@DeeDeeDayna Please! And thanx! Haha 
1031809,4,"Took my new purple pretties out, combed them carefully, and put them in the medicine chest. I miss them already. "
936609,4,"js got home from hollywood lol . out there for 5 hrs wit @JONofSTAYFRESH , ann , alyssa &amp; bryant ! gon knock n not go to skewl tomorro "
1394761,4,"@Tosk59 scary avatar don't worry, I'm in a different country "
1148893,4,@AuntMarvel I donno why you think you are so boring. Not everyone's hubby puts their junk in a box for their spouse  LOL
1100094,4,@juanglim @danieleffendi thanks might! @sidneymohede.. Good luck!!! U must be looked great with that suit! ;) welcome to the &quot;wedding&quot; 
1312360,4,"@fishballisme yey i loike, same. i'm getting used to this tweeting stuff "
1205559,4,"@KrisAllenFans hey there,do you know kris allens real twitter account? Thanks "
1347276,4,@miss_tattoo THAT'S A REALLY CUTE PIX OF U!!! 
1097261,4,"Listening to radio1, loving the music "
1575094,4,@alanaa_xo awww cool  yeah they suck lol
1144576,4,??????????????????????????????89C's stuck in my head! 
1019835,4,Just changed my Twhirl colors to Bordeaux .. Still trying to get used to it. 
800066,4,"@bodycoach I'll look into that cho, I personally like strawberry but I'm going to become coach soon "
948186,4,had an awesome action packed weekend 
1373824,4,"Just got home, great night. Excited for tomorrow  I wuv you!"
876480,4,"@clever_URL besides the beach, what is there that is worthwhile re Galveston (please...do tell "
1207905,4,I love how Twilight won like a bagillion awards tonight  and Slumdog was pretty good!
918155,4,http://twitpic.com/4ws8w - Look who I brought home 
1218868,4,"@rachy_babes she doesn't have any money and so    nawhh, she never gets me anything HAHA."
1116740,4,"Great day today, weather was fit, did some office work, cycled 20 miles, done some weights and ate a tiger prawn salad... Now Glow Ball.. "
1282324,4,@BlackCat_Saya Arigatou 4 following !!!!  
1068371,4,"@Hilarysutton haha what was the bangs tweet in reply to? Yeh, I hate not having bangs. I'm getting them back ASAP "
1023542,4,just watched a dvd. gosh it was exciting 
1575744,4,@limyh @bleongcw You can follow the #ghacksg trend tag as well 
1052030,4,@yegfoodbank Lol aw!!! Thank you and no problem 
865011,4,@carlobuntag haahaa why'd you add me? 
1183319,4,Song of the day HEY - Mitchel Musso // can't wait for the mtv vma !!! 
1229208,4,@WebTsarina Base of your avatar  Combining the Queen's img with this one http://bit.ly/e7x0H may produce an interesting result 
921932,4,yay were back on #SanctuarySunday  is back 
1117222,4,"I haven't slept more that 4 hours in 2 days. It hits me most, when I'm driving  watch out!!!"
1413436,4,Omg. Woke up and didn't remember where i was  lol
1578835,4,For the Nerds: der sogenannte iDance: via @muenchenfoto http://muc7.de/de/49 (via @Baytor) We call it Laptop and Lederhosen 
880392,4,looking forward to coming week. have managed to get a few things done over the w/end 
1256731,4,O how i love you sammoons  o how i do. 
1444939,4,"is chatting on msn to Jennypoo!! &lt;3 Shes like a brotha from anotha motha..except she's a grrl, so she'd be like a sista..notta brotha. "
1543050,4,@diamondjasmine Get 100 followers a day using www.tweeterfollow.com Once you add everyone you are on the train or pay vip 
926447,4,http://twitpic.com/4xbp8 - Happy Mother's Day! 3 generations of women... 2 mommies &amp; 1 future mommy! I love u Mom 
1341371,4,"@dpocza I know, I ran across that last night...Tivo is set.  Thanks though bud."
815208,4,Xo for all!  be silly today &amp; laugh lots.
835957,4,good vibes on!! makes me enjoy the few weeks of summer i have left!  Disco Ruido - Mrs. Love http://tinyurl.com/cfh7ll
1287861,4,oh.. and i hate all this school stuff.. just want to finish .. hopefully soon  haha 2 years left.. i hope it won't get more.. 
1026978,4,just got out the best hot shower! So reLaxed! Ready 2surf the net shop 4some new uGGz n Lay it down w/ a bLkbuster movie aaahh 
1419870,4,@Leslie2823 I still have the blackjack 
1349002,4,Sitting in history with michaela.. Pretending to read.. We're such rebels. 
866595,4,is off to the shops 
1333280,4,"@SharonKON We certainly do hold the remote, I don't use it quite enough. "
1264541,4,"@davidschwimmer We just love you David!  So, now I wait for that great day you do a shout out for me. "
1211824,4,@daniel_g_nl Ik denk dat de schrijfwijze #susan_boyle is  Collapsed? Poor thing.. She will be succesful anyway..
1045744,4,@TraceyMmm Uh oh - whooops LOL One down already here 
981213,4,@LeeBook who do you call little here? 
1034833,4,@MalcolmMC5 I hope someone turns it into a torrent so I can watch it too 
856528,4,"woohoo finally broke through the average reader value of 40 per day on my blog  hey, we all have to start small!"
1183448,4,by the poooool 
1338022,4,main hoes Kath and Tessa are comin over. 
1405265,4,Off to look at the perfect car 
958350,4,USA - here i come  !!!
1560630,4,Is at mellow mondays listening to erotic poetry...starting to get that tingly feeling 
1085870,4,"Digiscoping Rufous-collared Kingfisher yesterday with Andrew, Ben, Karim and Denis  http://mypict.me/23XG"
1341952,4,@SaidaGP show it to me ? 
1394413,4,"@dangillmor If you're coming to India, we can take care of you Dan  Took me years to figure out &quot;baseball&quot; in the US so don't blame you."
1358689,4,#followfriday wonderwoman @VelcroShoes is seriously the only follow I recommend she's ultra COOL!  enough said FOLLOW HER! 
1310192,4,@ajit4949 more what to come? 
1392444,4,@ollej what? ... Hit it with a skylift? 
1145707,4,@deefamouss  hey if u not followin the million dollar man @jimmysmacks idk whats going on follow him  !!! www.jimmysmacks.ning.com
926604,4,Testing hellotxt.com 
1399685,4,@openwoc ...a few days and then give it another go. Sorry for all this trying around haha 
1331096,4,@ardenkhan Nahiya ako eh. And you're busy boarding as well. Haha! Last Saturday of June's the next one. 
1055437,4,"talking to a rich skank, filled up like a sperm bank. "
1231538,4,@djflight ah cool. Thought it might be an mp3 archive or something 
812047,4,"Wow, what an evening, lifecycle, lift, swim, walk for 2 hours around Kabuki-ku and then saphora martini at NY Club "
1548503,4,Is done with English for the year 
1258688,4,Trying to get back into the swing of things after Florida. 
1137595,4,awww at my twitter background. i love jonas 
1587100,4,Mobility FTW though. Plus I can always plug into my 21&quot; Monitor. 
1338195,4,@davidcrow Just saw that as I booked my calendar.  Good thing I checked as that could have been embarassing 
1365938,4,@TamaraSchilling Adventure - That's what we all need in our life. I am glad you had a great week. Thanks for yr response 
1233213,4,Batchbook is working again  One mysterious problem solved by &quot;faffing about&quot; and one by @batchblue excellent support... I mean EXCELLENT!
1184985,4,@OfficialBale Saw &quot;The prestige&quot; yesterday on dvd-gr8 movie!Can't wait until Terminator on June 4th in Germany!Greetings fromGermany!!! 
1582361,4,@seaminglyme really love the colours on your new necklace! very pretty 
1275634,4,"your smile, your voice, your kindness. your respect but most of all it was your brown eyes that i fell for "
885522,4,apparently I was on twitter for a year and didn't know it - I'm live now 
1018385,4,@Joey_Smith - I voted! 
1155098,4,@marion01 Sweet. How are you drunkie 
1517797,4,@archangelval welcome back 
1278746,4,lol-times at basketball 
924019,4,"@joonian LOL. Well, Twitter is kinda sliding into that role. I am more likely to open links that (some) Twitter friends recommend "
1073899,4,"#myweakness NSFW content to follow:  Large DD breasted nurse that minored in massage therapy.  Yes, ty. "
1409019,4,"Had a great time today in Lincoln  Home now, Hannahoke is awful ;/ xo"
1104134,4,@newmovieclip p.s. I'm a girl not a &quot;man&quot;... but you're welcome anyway  Thank you for the talk.
889683,4,getting ready for the YPN Picnic 
1483137,4,Jrod brought the heat this morning in Daniel! I'm a very proud admin! 
1130529,4,@eleven8 WELP!! lol atleast u found a place there  theres not a place in my CITY!! i'd have to drive like 2 hrs..blah.
908035,4,@WalkingHorse glad to hear that    Do you have a busy day today?
1530621,4,"@thisispopbaby booked to see two of the plays, can't bloody wait! "
948520,4,@MarthaStewart namedropper 
859099,4,@amberdawnmccall Thank you for the prayers! They are much appreciated! We have one grouchy boy right now.   Hopefully not for much longer.
1028568,4,I'm leaving now. See you all on Friday  Byeeeee loverrrrrrrrrrs! &lt;3
817106,4,@HoopinisPassion have a kid.... you'll never rest again 
1539455,4,@gabysslave Thanks for the @likemind rt milady! 
1025596,4,watchin the devil wears prada 
1468450,4,penguins of madagascar is actually the funniest show  
1427917,4,"@MissTrinese ok, cool!!!! I LUV U MORE!!!!!!!!!!!!!!!! "
1457168,4,"Edit, edit, edit? Editing photos and videos? Music? Wow! Snap! You're really in to that?  @mondgutierrez"
879412,4,Best Collection Of Free Wordpress Themes http://tinyurl.com/dxax9r please retweet 
1314074,4,"i cant count the number of hours left on my fingers and toes, but ill certainly re-twitter when that happens "
1109262,4,"i take it back, thankyou universe, you brought someone good into my life "
1593012,4,@Drewdy but was he also pouring himself a morning cocktail? 
1371020,4,@JoeJonas1Fan1 Oh cool ! how was your dayy ? 
1015041,4,"after an all nighter, i'm exhausted and missing jocelyn already. i can't wait for two weeks to pass so i can see her again!!! "
1206830,4,"@3keyscoach I find that because I'm always looking for ideas, I pay more attention to things than in the past  #blogchat"
1526080,4,@pisces_mami have a gr8 workout 
1324508,4,I'm watching BOF.. 
1146386,4,"@xcornejo   So be a good patient, be patient. Stay under my observation, and holla back in the morning  If u cant tell im bored Lol"
1263638,4,@tham82 well I hope you &quot;earn&quot; it soon. Everyone should be happy. 
1243127,4,@mcherrywv  @caminodiablo  @chicklet7  @PhillyGirl528 Good evening to you all from a hot hot hot Evesham and it's wine o'clock 
1454480,4,"morning... i have amazed myself thismorning - already had breakfast, showered+dressed AND tidied my room "
1207417,4,"confused, whether to try fedora? Does any one knows whether fedora has as good repository as debian? A help would be appreciated "
959179,4,good morning! 
1044028,4,"@Azizco910 yeah, I saw what you douches were doing xD don't worry, I'd do the same, but w/ random donations to everybody else "
1445570,4,@Turqalicious. Tis early 
958636,4,@KTVee lol me too! waiting is much easier when you can read through some tweets 
965081,4,@ArielleKristina awesome shot 
1353218,4,"@Knitcave1 you're so right. Understandable really, but not very helpful.  "
1275174,4,@ImbruedSolace Yeah it's wierd! People are boring and lame sometimes 
1023215,4,"looking forward to celebrating my dads 65th with family tonight (wow, am I old enough to have a 65 yr old dad lol) and Star Trek 2morrow "
801400,4,@VampireBill Have a safe trip then. 
1398591,4,"well, i'll be back later, gonna play soccer with my boy "
1594753,4,forgive my sexism: there was a woman using the gents and she said the lock didnt work. it worked for me: maybe you just have to be a man 
1368629,4,@_Stephhh_ I know it was the special call I made to the  phone company 
1080144,4,"@egheitasean no joke intended, but Italian Wedding Soup, ftw! Got me through my bout of plague, better than plain chicken noodle "
864871,4,Haha what a night 
871777,4,car ride to the bamboozle 
991744,4,@CoGNintenzo You too! I can't wait for Friday 
1039495,4,Plant pot shop still in progress in Willawong. Plant nursery going ok today. variety of plants from wee ones to huge. Great value! 
1371298,4,@iamdiddy I'm here for diddy! 
1512740,4,@Jonasbrothers hey Joe @mandasadisaster likes your SOCKS 
1479261,4,Chillin at Roy. Slacks over and rodeo doesn't start until 1:30 
948235,4,i love clean sheets. now it's time for a sunday little nap 
945997,4,@Gilamuffin yes!! every women needs one   I heart your necklace
1494148,4,@Antdequan 
1534073,4,@natthedem inspiring stuff.  I'm hoping for a good resolution to the #IranElection
1132877,4,@AlexaRPD your welcome  feel free to follow me.
1305155,4,Watched the first two eps of K-On!.  It's pretty good. 
1392302,4,needs more karma points!! haha  http://plurk.com/p/ytq0d
1294926,4,@Mykale007 I am good thanks  how are you?
1080863,4,LAKERS GO TO THE NBA FINALS!!!  -Jojas
1542227,4,"@Jennifalconer thank you, for inspiring me to come on twitter "
996512,4,Ahhh! Is it Summer yet?! Im so excited 
1496641,4,@WerewolfSeth I'm sorry.  Is there anything I can do to make u feel better 
873899,4,@frebro I will take good care of him 
961644,4,"Majority of Player Profiles now online. Well worth a read - yes, that's you King of Cod, Mr Penner...........!! "
1083067,4,contaminated my bed. 
1193463,4,Yeah i'm ok thanks  just emotionally retarded lol
1472754,4,@SarahElizabbeth http://twitpic.com/6tz2x - aw i really love this one too. it's so cute 
1212253,4,"@Katherineie yeah its a cool movie! haha me too, there my fav movies to watch cause there soo cheesy!  how was yr weekened?"
1481289,4,Hello again! What a busy day we have been having! Hope yours has been spent in a more relaxing way! This bay was packed with boats! 
1287016,4,"@danfowlie Thx! Feels a bit guilty for considering Google Apps... U know, feels like I should b using Exchange + SharePoint... "
1534098,4,@whywomen Like it had had some money spent on it - not dismal like somewhere I can think of - because we're worth it 
1153111,4,has called on LeechBlock inorder to spend time productively 
893475,4,@ellikingsley Hah! That is awesome! lol. We should totally go to Sonic tomorrow after school though 
924649,4,"@_ClaireBear_ I'm fabulous!!  Trying to get you up to 300 followers.  Well, you and @werewolf_Paul, but I bet you'll win!!    How bout u?"
1123399,4,"@Abcmsaj Because you are from near wales and therefore poor.   And if you cant find a cheap car during recession, you must be screwed."
1383463,4,@_spell You are a friendly and helpful bot so you stay... but the rest of the bots must go!  
1089706,4,@fronztheman2009 goodnight I'll try not too lol I'll bring bug spray!  good night to you too and don't let the bed bugs bite either! 1 ...
1251164,4,Watching Family guy n sippin on a Bud 
1479392,4,@reazonozaer okay. im going to have a nap. 
1090245,4,@mayorsam that video with the turkey legs is hilarious 
1425274,4,@freddurst Yes god bless this kid. I think he is really kick ass!!! I like the guy. 
869705,4,@histapleface beer pong and gun app 
1068950,4,"@sah_rah I agree! And yes, I'm sitting next to you "
1016879,4,is hoping for a good weekend and some perspective. 
1314905,4,@smackthis yes it does baby lol 
969367,4,My World by Avril Lavigne 
1265268,4,"Just hit 117 at the alley, and is happy for it "
1530773,4,@Bettyrainbow I did!  And also the fur and dye for your bears too   The blue is going to be awesome!
1090106,4,@TaylaMe3 thts prob the best idea not to drink lol. i only drink if i'm at a gig 
1023708,4,@tristansmom103 LOL that would be nice.. 
1530318,4,Plone 3.3rc3 testen 
1271785,4,@R_City @RockCityVI Glad you made it back to the A safely!! The A missed you 
898297,4,My first update...and many more to come! 
1042370,4,@untrainedninja Im so over FB games. Twitter is my fave game now! 
1087530,4,@dorianwright Are people demanding you see Up?  
1321233,4,"Another beautiful day in Copenhagen, DK!  Windy.... But nice "
1284180,4,@thelastressort confession: &lt;i've tweeted myself too&gt; i do it when i get twonely 
1303338,4,"@JenHarris09  Hey,  found one!!! "
1079177,4,@paigeiam WOW that looks like fun 
905500,4,@CharlieCurve Wait - cool AND a sliding door? That's an oxymoron. 
1166908,4,Theres a thing called the outside...which i'm about 2 go 2 now  x
1558631,4,I'm in the arms of an angel! 
998925,4,@charltonbrooker I saw one of those 'billboard on wheels' the other day. It was for the BNP... it was driven by a black bloke 
854561,4,"@scorpion032 the funda being chief, that most other content is &quot;emotional&quot; content. Loses charm over time "
871698,4,"OK, time to start getting ready for this meeting. Still avoiding cleaning... "
1282339,4,@pinksugaratl only if u let it cause u trouble 
1559002,4,@EveLefebvre I try.  haha
1298934,4,@edwardhwc we should!! Road trip!! 
1356574,4,@MarieLuv www.peachpit.com look for &quot;final cut pro hd hands-on training&quot;. I don't use but my apple guy says it the best. Get it delivered 
1517835,4,"Good morning. Hope you had a good weekend. I've a few bits to do this morning, but then I'll try to catch up with you all this afternoon "
1263837,4,@CorbSilverthorn you might want to try that again 
1197018,4,"beyond excited; watching red carpet, last episode of the hills then MTV MOVIE AWARDS!!!! "
1223509,4,@_smay are wmt kidding i'm like squirming in my seat right now cause he's so cute. But rob lowe is what i think Zac will look like later 
1594455,4,@savcowgirl812 hey thanks for following 
1366463,4,Seeing some pretty awesome people tonight for some pretty awesome times. 
900233,4,@Lilctownroaster I just added a butt to your name in my phone after I made you go home in the cold. Because I love you! 
1345774,4,@Annjj fuck me he will love it 
1553886,4,It's 4:20 and I'm on my way to pick up  happy vacayyyyy!!
809281,4,"@tpgraham that's pretty cool, man.  I'm not a fan, but lossless FTW!  I'll check it out ... "
1238449,4,is gettin down on Halo 3.  http://raptr.com/rollinonvdubz
1386938,4,"@Daschka Lightscribe is working, ITS working u ha ha ha "
1599331,4,Is getting closer and closer to cai... And more and more nervous/excited!! 
1124380,4,@flyingwithfish just a few more  
1327400,4,@live2bshiv Oh great! Send links to pics sometime 
1508658,4,@TheRealRyanHiga OH I have an idea you can go up to the TV. 
1365832,4,@showbizsarah Birmingham  did you?
1599018,4,On the train on the way to china well not litrally hah going to the airport 
1364860,4,@iamdiddy just move pass it its over now so go and get happy again no sense thinking about it anymore 
1033189,4,@zoebatsparkes  aaw me too =D lol yeah that's a nice pic you've got too 
932844,4,"@rockstah LOL  thanx for pushing me, smtimes real lazy i am"
973881,4,Going to finis that 'charmed' thing tonight  &lt;=&gt;C()r0n@&lt;=&gt;
805017,4,finally has a name for her penguin  Bertie!
1375165,4,work was terrible. staring into those beautiful eyes all night made everything ok 
1512883,4,*lol* this tweetdeck's a pain 
1196671,4,Up did not dissapoint 
1261908,4,@AshleyMagee21 Or what about the name.. Uhh A-Mag ? (pronounced ayyy-mag) 
1443616,4,@evaangelinaxxx  What I wouldn't do with someone as sexual open as you... Not just 2 fuck... 2 love... 2 b my friend as well as lover. 
1297514,4,@YoungQ CHAT?! 
1432577,4,"Will relish a break from work. Europe, here I come!! "
1285480,4,@JimHunt Thanks Jim for the inspirational words...great way to start the day! for as a man thinketh...so he is 
1074922,4,"@MANDAMILMO Hey, that's cool! So you left San Antonio already. I see you are between Natalia and Devine! Cool service! "
977019,4,Great night with great people 
1091913,4,"says morning everybody, have a good day  http://plurk.com/p/x5qdu"
1022832,4,will signout at twitter  gud evening everyone!
1522853,4,loved having a proper shower this morning and washing the barnet... its the simple things 
1008793,4,@clairelc Multi-Coloured Swap Shop? 
1540109,4,@Wilbursan the weather is like a chameleon in Germany  Xx
1328095,4,My cousin is ok 
1478353,4,Philly Art Museum with Tina 
945776,4,@DolceKills Azzactly... (3 Snaps) &quot;Just Like That&quot; I've Taught You Well  Love You.!
1012210,4,17 till summertime ball  getting well excited 
1027757,4,@kellysue Your so sweet! I am happy to be home and see you guys! please hole me?!! ha. I will never live that one down 
1169338,4,#MissedConnections S - I know what I want - m4m (SOMA / south beach) 30yr:    http://buzzup.com/4pdx
1479240,4,Am watching Dark Crystal to cheer myself up. Funny to see the Olson twins in their first ever movie  fizzgig looks like Dave Lee Travis!
1115707,4,@xthemusic WIN  on several levels.
1162965,4,@rach210 Ooooh Too close for comfort totally one of the most amazing songs! Did i send you the acoustic version? -love it so much- 
1231388,4,@Girlports such a party girl T  Enjoyyyyy
1455376,4,http://twitpic.com/6tj5j - The most Beautiful 
918146,4,gm! me with @doox  now @ http://podilates.gr/pp2_10_5_08
1283055,4,He's a cutie  @boozhetto
1202082,4,@Meme1988 I'm like sooo jealous of you right now!!! ESpero que ya hayas desempacado y estes bnnnn!!! 
1155361,4,Wednesday can't come any sooner  No Doubt and Paramore &lt;333
803039,4,Just back from trip to Kyiv. A little freaked out 
1237449,4,@VintageDM jumped off the bandwagon... but hopefully driving it now hon 
1258726,4,Listing to Paranoidâ¦ 
1329751,4,@DJSMOOK haha of course DJSMOOK on the edge of sleep 
1199442,4,Dinner in itself may have been so so but family time was great! We laughed so hard and had the best time 
1260925,4,@sobeworld oh well thanks anyway i love the lifewater too! 
815510,4,@InDisGeoff why do you have a drink after I play you? 
1031867,4,"@JodieGiese Night has been just ok. Basketball game, but not much else. No giant oranges around here to tempt me, just giant Cheetos. "
828443,4,"@marleennn ooh sorry haha. no i dont, i think a lot of ppl think it just cause they are potheads its legal there haha "
932288,4,"Chey Chey, pretty Kewl dis TWITTER thang, I think I like it, should keep me buzy being nosey for the next couple o hours "
1130941,4,these summer nights are magic 
1118702,4,@roxiiannn Me thinks it's more like chicks-en-hammy  but who cares anyways? Lol. How's the job?
1045358,4,Yes!! TGIF!!!! I can finally relax and be happy 
1576112,4,I hope you all had a great day! I hope tomorrow makes you smile at least a little. Hugs to everyone! Remember to love and be loved. 
1278094,4,@kkaazz haha again?! are you really tired or somehting? and i couldnt find the dress ill just have to wait and seee 
1074165,4,home from the games. it was fun  sister did good! walked in the woods and saw a drug deal too! eventful 
1138227,4,"@datniggamossy what up playa aint seen u since i been baccc taco pizza lol, anyways heart 2 heart again huhï¿½? hollleerrr @ mee! "
1163573,4,goooooooood morning twitter 
1345670,4,"@AngryBritain Thank goodness for that, I was concerned.  See you on  #moanmonday "
1478949,4,@willminey is it possible that everyone is completely bored and don't know what to do.... ? 
935528,4,"Goooooood morning, world. I am up too early. But my mood has improved "
